file_name,genre
130927,Instrumental
131985,Instrumental
133334,Instrumental
126015,Instrumental
139486,Instrumental
128470,Instrumental
92951,Instrumental
116174,Instrumental
111230,Instrumental
118060,Instrumental
142376,Instrumental
123454,Instrumental
54152,Instrumental
95722,Instrumental
86037,Instrumental
111869,Instrumental
131796,Instrumental
111229,Instrumental
154493,Instrumental
114536,Instrumental
81660,Instrumental
132557,Instrumental
148453,Instrumental
122511,Instrumental
118950,Instrumental
62177,Instrumental
63291,Instrumental
90617,Instrumental
117621,Instrumental
133538,Instrumental
108019,Instrumental
143307,Instrumental
37911,Instrumental
133537,Instrumental
155293,Instrumental
142381,Instrumental
145458,Instrumental
82930,Instrumental
66757,Instrumental
43421,Instrumental
114216,Instrumental
149141,Instrumental
127648,Instrumental
69027,Instrumental
62182,Instrumental
115888,Instrumental
120310,Instrumental
121472,Instrumental
14570,Instrumental
149712,Instrumental
123762,Instrumental
123487,Instrumental
118058,Instrumental
80515,Instrumental
149716,Instrumental
145509,Instrumental
117613,Instrumental
133579,Instrumental
124877,Instrumental
138019,Instrumental
125657,Instrumental
148002,Instrumental
115007,Instrumental
75436,Instrumental
123763,Instrumental
111793,Instrumental
81650,Instrumental
75431,Instrumental
41573,Instrumental
41758,Instrumental
126216,Instrumental
14576,Instrumental
142433,Instrumental
81988,Instrumental
107534,Instrumental
138020,Instrumental
94037,Instrumental
11628,Instrumental
126886,Instrumental
111149,Instrumental
125821,Instrumental
87102,Instrumental
132672,Instrumental
117172,Instrumental
127663,Instrumental
47010,Instrumental
116753,Instrumental
121653,Instrumental
127496,Instrumental
133444,Instrumental
16524,Instrumental
41833,Instrumental
155290,Instrumental
120302,Instrumental
119823,Instrumental
126181,Instrumental
11633,Instrumental
95452,Instrumental
110647,Instrumental
130993,Instrumental
111221,Instrumental
133571,Instrumental
137170,Instrumental
71877,Instrumental
14568,Instrumental
141136,Instrumental
141135,Instrumental
131923,Instrumental
119824,Instrumental
114221,Instrumental
50956,Instrumental
131791,Instrumental
128811,Instrumental
120771,Instrumental
97279,Instrumental
120317,Instrumental
119826,Instrumental
126409,Instrumental
111997,Instrumental
123458,Instrumental
130933,Instrumental
62007,Instrumental
131797,Instrumental
143308,Instrumental
116177,Instrumental
142098,Instrumental
94036,Instrumental
120770,Instrumental
22292,Instrumental
139490,Instrumental
111998,Instrumental
114203,Instrumental
121655,Instrumental
10240,Instrumental
126242,Instrumental
10692,Instrumental
126230,Instrumental
20364,Instrumental
132566,Instrumental
112977,Instrumental
82931,Instrumental
154494,Instrumental
141288,Instrumental
126884,Instrumental
52452,Instrumental
126410,Instrumental
95724,Instrumental
90616,Instrumental
121663,Instrumental
133544,Instrumental
75432,Instrumental
114215,Instrumental
47012,Instrumental
126231,Instrumental
14572,Instrumental
116466,Instrumental
81565,Instrumental
114077,Instrumental
145454,Instrumental
108022,Instrumental
131794,Instrumental
115473,Instrumental
154492,Instrumental
121475,Instrumental
86040,Instrumental
134794,Instrumental
117161,Instrumental
155108,Instrumental
16523,Instrumental
120314,Instrumental
71779,Instrumental
146019,Instrumental
116758,Instrumental
127520,Instrumental
71879,Instrumental
138025,Instrumental
138024,Instrumental
133567,Instrumental
115475,Instrumental
126217,Instrumental
122631,Instrumental
87100,Instrumental
126887,Instrumental
80794,Instrumental
95727,Instrumental
111782,Instrumental
111790,Instrumental
45391,Instrumental
87104,Instrumental
125620,Instrumental
141139,Instrumental
118065,Instrumental
115004,Instrumental
133446,Instrumental
115771,Instrumental
122644,Instrumental
19530,Instrumental
120327,Instrumental
131837,Instrumental
52446,Instrumental
145432,Instrumental
37119,Instrumental
125825,Instrumental
75611,Instrumental
133564,Instrumental
148130,Instrumental
123484,Instrumental
125621,Instrumental
145476,Instrumental
111148,Instrumental
132664,Instrumental
120320,Instrumental
121474,Instrumental
14578,Instrumental
75440,Instrumental
134791,Instrumental
75441,Instrumental
98238,Instrumental
133978,Instrumental
148132,Instrumental
132552,Instrumental
123457,Instrumental
41761,Instrumental
126411,Instrumental
117619,Instrumental
143296,Instrumental
45393,Instrumental
116759,Instrumental
57371,Instrumental
126586,Instrumental
45388,Instrumental
41755,Instrumental
149714,Instrumental
14585,Instrumental
60634,Instrumental
54160,Instrumental
152562,Instrumental
116488,Instrumental
86485,Instrumental
115008,Instrumental
131986,Instrumental
120303,Instrumental
63287,Instrumental
14579,Instrumental
111151,Instrumental
10286,Instrumental
117616,Instrumental
20374,Instrumental
129184,Instrumental
116527,Instrumental
